{
  "hash": "94259e0f",
  "configHash": "58efdbb5",
  "lockfileHash": "19b3b99d",
  "browserHash": "45178699",
  "optimized": {
    "@angular/common": {
      "src": "../../../../../../node_modules/@angular/common/fesm2022/common.mjs",
      "file": "@angular_common.js",
      "fileHash": "66d79946",
      "needsInterop": false
    },
    "@angular/common/http": {
      "src": "../../../../../../node_modules/@angular/common/fesm2022/http.mjs",
      "file": "@angular_common_http.js",
      "fileHash": "c19ceef1",
      "needsInterop": false
    },
    "@angular/core": {
      "src": "../../../../../../node_modules/@angular/core/fesm2022/core.mjs",
      "file": "@angular_core.js",
      "fileHash": "8ae53af4",
      "needsInterop": false
    },
    "@angular/forms": {
      "src": "../../../../../../node_modules/@angular/forms/fesm2022/forms.mjs",
      "file": "@angular_forms.js",
      "fileHash": "b2d41fa7",
      "needsInterop": false
    },
    "@angular/platform-browser": {
      "src": "../../../../../../node_modules/@angular/platform-browser/fesm2022/platform-browser.mjs",
      "file": "@angular_platform-browser.js",
      "fileHash": "63888034",
      "needsInterop": false
    },
    "@angular/platform-browser/animations": {
      "src": "../../../../../../node_modules/@angular/platform-browser/fesm2022/animations.mjs",
      "file": "@angular_platform-browser_animations.js",
      "fileHash": "d48e5c58",
      "needsInterop": false
    },
    "@angular/router": {
      "src": "../../../../../../node_modules/@angular/router/fesm2022/router.mjs",
      "file": "@angular_router.js",
      "fileHash": "038bee94",
      "needsInterop": false
    },
    "ngx-spinner": {
      "src": "../../../../../../node_modules/ngx-spinner/fesm2022/ngx-spinner.mjs",
      "file": "ngx-spinner.js",
      "fileHash": "7d42ebc5",
      "needsInterop": false
    },
    "ngx-toastr": {
      "src": "../../../../../../node_modules/ngx-toastr/fesm2022/ngx-toastr.mjs",
      "file": "ngx-toastr.js",
      "fileHash": "2f1127bf",
      "needsInterop": false
    },
    "rxjs": {
      "src": "../../../../../../node_modules/rxjs/dist/esm5/index.js",
      "file": "rxjs.js",
      "fileHash": "a96b5006",
      "needsInterop": false
    },
    "rxjs/operators": {
      "src": "../../../../../../node_modules/rxjs/dist/esm5/operators/index.js",
      "file": "rxjs_operators.js",
      "fileHash": "87d2a65f",
      "needsInterop": false
    }
  },
  "chunks": {
    "chunk-7POOK3LZ": {
      "file": "chunk-7POOK3LZ.js"
    },
    "chunk-U5YBWPXX": {
      "file": "chunk-U5YBWPXX.js"
    },
    "chunk-2L37XUMS": {
      "file": "chunk-2L37XUMS.js"
    },
    "chunk-UND7GNPC": {
      "file": "chunk-UND7GNPC.js"
    },
    "chunk-IGF3QYBZ": {
      "file": "chunk-IGF3QYBZ.js"
    },
    "chunk-6Q4RANH6": {
      "file": "chunk-6Q4RANH6.js"
    },
    "chunk-FFZIAYYX": {
      "file": "chunk-FFZIAYYX.js"
    },
    "chunk-CXCX2JKZ": {
      "file": "chunk-CXCX2JKZ.js"
    }
  }
}